{
  "n": 200,
  "noise": 0.2,
  "seed": 17,
  "X": [
    [
      1.2202524907011694,
      0.06768625532923556
    ],
    [
      0.8915022393324844,
      -0.22032043787241892
    ],
    [
      0.6190624225040333,
      0.06715157785322162
    ],
    [
      0.8333585026707641,
      -0.07937514868271998
    ],
    [
      0.9475609114140171,
      0.11622324794734572
    ],
    [
      0.5320823255212281,
      0.3430307140886352
    ],
    [
      0.5765595760807015,
      0.5611760660712796
    ],
    [
      1.0935434092053795,
      0.1259416291598778
    ],
    [
      1.2365480088725112,
      0.25530527956456783
    ],
    [
      1.097677167139154,
      0.30317797273087066
    ],
    [
      1.1693773937670005,
      0.524317936573653
    ],
    [
      0.7582257925072953,
      0.21952178763694555
    ],
    [
      0.9970133434385589,
      0.3296604253332934
    ],
    [
      0.45912561412117936,
      0.806154042390969
    ],
    [
      0.46793106351285996,
      0.01348634134021881
    ],
    [
      0.6336129647083357,
      0.5711967698166796
    ],
    [
      1.233051878395839,
      0.4391137255824514
    ],
    [
      0.7797679431260762,
      0.5484576844309638
    ],
    [
      0.7678815841803767,
      0.5571138623760402
    ],
    [
      0.5956822895572313,
      0.6547113503867239
    ],
    [
      0.8837861371622617,
      0.1058244457858501
    ],
    [
      0.7640079056780217,
      0.6507421497557748
    ],
    [
      0.8782893951715876,
      0.479569658398599
    ],
    [
      0.47965759682325565,
      0.47662218441446014
    ],
    [
      0.8333422309432557,
      0.5197119096837313
    ],
    [
      0.5486461254016055,
      0.9414472869189544
    ],
    [
      0.5212778936613096,
      0.5548651845067979
    ],
    [
      0.6366132212426108,
      0.7954716776356129
    ],
    [
      0.8380785988187722,
      0.6002809280535536
    ],
    [
      0.2919787682506074,
      0.7712625102177176
    ],
    [
      0.7087842727170822,
      0.5182706434004531
    ],
    [
      0.4564674607091709,
      0.8938090122554321
    ],
    [
      0.5734303276149283,
      0.8663972281329928
    ],
    [
      0.4486220965244894,
      0.7061561121701385
    ],
    [
      0.2866434745804432,
      1.1127058103019978
    ],
    [
      0.22062466962867744,
      1.1415937939948455
    ],
    [
      0.15240332582882088,
      1.4903483527490877
    ],
    [
      0.038722939916450205,
      1.243209153995397
    ],
    [
      0.177471790033831,
      0.9110247641637684
    ],
    [
      0.31395744913447166,
      0.8145562856993175
    ],
    [
      0.7425989022927522,
      0.9738853106757293
    ],
    [
      0.0022590650909642407,
      1.093154220150201
    ],
    [
      0.3782392848320538,
      0.742314960659024
    ],
    [
      0.3119292764602186,
      0.9925936038005335
    ],
    [
      0.33771530972055097,
      1.1272468473711228
    ],
    [
      0.14062635695750647,
      0.9081648682754517
    ],
    [
      0.29291273653033145,
      1.0564783052664546
    ],
    [
      -0.21860551776977588,
      0.8878809412003028
    ],
    [
      -0.04908056389794924,
      0.9464364379998318
    ],
    [
      0.4727243767435427,
      0.9244166667239815
    ],
    [
      0.07960136925040588,
      1.3309407983572012
    ],
    [
      0.053148790873471484,
      1.0852428536638947
    ],
    [
      0.18034178472928103,
      1.0363169139095953
    ],
    [
      -0.07364172372368358,
      1.131586173226347
    ],
    [
      -0.05989946105734771,
      0.8537499367540733
    ],
    [
      -0.4068263447458991,
      0.9621332538700076
    ],
    [
      0.07479573861191044,
      0.9335192950150064
    ],
    [
      -0.006073037126457764,
      1.054331310147612
    ],
    [
      -0.32825321969768984,
      0.43716317612614297
    ],
    [
      -0.25249364413641623,
      0.8995132132112992
    ],
    [
      -0.6471718146755421,
      1.0479017783839053
    ],
    [
      -0.3619707251228566,
      1.0091584744294368
    ],
    [
      -0.5072283048692885,
      0.9627588063320245
    ],
    [
      -0.510061400209056,
      1.1226213299731533
    ],
    [
      -0.41920147931038876,
      0.6154889179425647
    ],
    [
      -0.4294078653292667,
      0.8949815865056231
    ],
    [
      -0.5406888798148656,
      0.5960929544614524
    ],
    [
      -0.31531791158500255,
      0.7034060459581958
    ],
    [
      -0.23739297547661137,
      0.7005810581985563
    ],
    [
      -0.5735615377003618,
      0.8056133679619044
    ],
    [
      -0.5753748016177235,
      1.324444842539228
    ],
    [
      -0.7302102279786431,
      1.1900379350810029
    ],
    [
      -0.5301690891103044,
      0.6167480661444931
    ],
    [
      -0.42739731938011954,
      0.9027565899249779
    ],
    [
      -0.5105875173072842,
      0.4458972909939292
    ],
    [
      -0.6231717170845873,
      0.6095758321883907
    ],
    [
      -0.7736975695278305,
      0.6404773438206941
    ],
    [
      -0.7579107736448866,
      0.9608763174219119
    ],
    [
      -0.7103650564133325,
      0.24920677872996372
    ],
    [
      -0.5558967147846432,
      0.6104365503035672
    ],
    [
      -0.7973711049226644,
      0.20172785729263215
    ],
    [
      -0.7613028682601486,
      0.44084772388362137
    ],
    [
      -0.666859421569587,
      0.604923034375453
    ],
    [
      -0.7083055214255076,
      0.41158637392519065
    ],
    [
      -1.2547051927600736,
      0.6519850603593199
    ],
    [
      -0.8188565513412374,
      0.3636709532407626
    ],
    [
      -1.027521340465699,
      0.22380826692289835
    ],
    [
      -1.2808752536496786,
      0.13622172050172351
    ],
    [
      -0.9537150700076896,
      0.6639129447842962
    ],
    [
      -0.859438089580133,
      0.6329892015587759
    ],
    [
      -1.161457609178969,
      0.5330688875704572
    ],
    [
      -1.0511753311998255,
      0.5444138309583757
    ],
    [
      -0.7297507526999869,
      0.22738309372986207
    ],
    [
      -0.9550292979294676,
      0.4327381978906448
    ],
    [
      -1.1465917655539812,
      -0.2745807813738266
    ],
    [
      -0.8285688802532466,
      0.5624167912036975
    ],
    [
      -1.374708629699599,
      0.13698454469687804
    ],
    [
      -1.2344175417359589,
      0.0054199059769299215
    ],
    [
      -1.1995013705281152,
      0.2067121547539144
    ],
    [
      -1.1090368032350357,
      -0.03856952703999768
    ],
    [
      -0.21675399240619708,
      0.6465785195568444
    ],
    [
      -0.10147128424568369,
      0.39259716589984717
    ],
    [
      -0.013106330319252386,
      0.1462235227502237
    ],
    [
      0.00035956690363687666,
      0.08256480772687208
    ],
    [
      -0.03557545423654376,
      0.3294567174019801
    ],
    [
      -0.06751172641997381,
      0.30203268372035635
    ],
    [
      -0.11681361370534832,
      0.41290142796872975
    ],
    [
      0.023886855991527952,
      0.1853890118140893
    ],
    [
      -0.01379397641179491,
      0.1134398641165757
    ],
    [
      0.015006088402440082,
      0.15559379522561162
    ],
    [
      -0.3103978087952393,
      0.5174753381817019
    ],
    [
      -0.02868899347233654,
      0.02369220613909992
    ],
    [
      0.13171841719975186,
      -0.289512287867146
    ],
    [
      0.00432378741520778,
      0.1603361379630216
    ],
    [
      0.04412902071124168,
      0.08296547917834701
    ],
    [
      0.02226724598803803,
      -0.031941475274584546
    ],
    [
      0.11797753701870498,
      0.044114102554160296
    ],
    [
      -0.07703890971444138,
      0.04209421312164592
    ],
    [
      0.21820875279289356,
      -0.1644139285125612
    ],
    [
      0.061717206827285806,
      -0.043695584058030784
    ],
    [
      0.4272952689859314,
      0.12457749557833556
    ],
    [
      0.04750695259199031,
      -0.22656748572808932
