{
  "n": 100,
  "noise": 0.2,
  "seed": 17,
  "X": [
    [
      1.2202524907011694,
      0.06768625532923556
    ],
    [
      0.8899510896996357,
      -0.18797815138977367
    ],
    [
      0.612865759855395,
      0.13160481988116313
    ],
    [
      0.8194457370887448,
      0.016727436714469635
    ],
    [
      0.9229009616222512,
      0.24328537828310381
    ],
    [
      0.4936991838555025,
      0.500137536138906
    ],
    [
      0.5215476361640166,
      0.7471918265902435
    ],
    [
      1.0190824902223916,
      0.3395148354908953
    ],
    [
      1.1399180115995442,
      0.49487484438742646
    ],
    [
      0.9762722984164975,
      0.5669803170999896
    ],
    [
      1.0207198978940117,
      0.8103950213663818
    ],
    [
      0.5799791300905213,
      0.5257300396190653
    ],
    [
      0.786994760520214,
      0.6536805202764523
    ],
    [
      0.21531804695042667,
      1.1455015040596708
    ],
    [
      0.18849432708497238,
      0.36552291171907697
    ],
    [
      0.31689417617558197,
      0.933142502686225
    ],
    [
      0.8775950696365793,
      0.8080597524873288
    ],
    [
      0.3843228201319346,
      0.9213795992305575
    ],
    [
      0.33141139447158946,
      0.930885667936255
    ],
    [
      0.11737076254870632,
      1.0261199085737136
    ],
    [
      0.3630434662622357,
      0.47158436976787027
    ],
    [
      0.20047574489154865,
      1.0075110757169934
    ],
    [
      0.2718448470859888,
      0.8239638321265099
    ],
    [
      -0.16958382694481725,
      0.8052322968473667
    ],
    [
      0.1416597704098408,
      0.8291191144023071
    ],
    [
      -0.18488033987637076,
      1.2282393317407794
    ],
    [
      -0.25325454380350404,
      0.8156525887984628
    ],
    [
      -0.17784740773605318,
      1.026903886695805
    ],
    [
      -0.014995002222064568,
      0.7990623759436204
    ],
    [
      -0.5981585055180916,
      0.9341685227235462
    ],
    [
      -0.21663769127542346,
      0.6421631133998779
    ],
    [
      -0.5022359462793331,
      0.9756517806364733
    ],
    [
      -0.4163334302364091,
      0.9032711045564785
    ],
    [
      -0.5697704717860356,
      0.695273471391046
    ],
    [
      -0.7577442603144089,
      1.0514247014513716
    ],
    [
      -0.8469317448358301,
      1.0274315021715394
    ],
    [
      -0.9353125774343821,
      1.3209943544698852
    ],
    [
      -1.065971535874406,
      1.0165374104943021
    ],
    [
      -0.940860389927175,
      0.6251052992064505
    ],
    [
      -0.8145241360509065,
      0.4676659974758651
    ],
    [
      -0.3924095779273632,
      0.5645179704422044
    ],
    [
      -1.1355334527224599,
      0.620029613594197
    ],
    [
      -0.7584885185797925,
      0.20438713145304058
    ],
    [
      -0.8197941489509937,
      0.38905816246512925
    ],
    [
      -0.7849886149570481,
      0.45754731238253565
    ],
    [
      -0.968983344354808,
      0.1719980103040268
    ],
    [
      -0.799484620361745,
      0.25379846950657303
    ],
    [
      -1.2896454884498103,
      0.018903326932866962
    ],
    [
      -1.0946078724720278,
      0.011639318797537011
    ],
    [
      -0.5431415870912653,
      -0.07545746094989345
    ],
    [
      0.0954673330852139,
      0.8310666706833263
    ],
    [
      0.10278531394687743,
      0.5223052945001739
    ],
    [
      0.2678017277628234,
      0.41158497627314683
    ],
    [
      0.05563731918626209,
      0.44658908006372067
    ],
    [
      0.11512051417690806,
      0.11027391096363329
    ],
    [
      -0.18223391408963746,
      0.16221728283417888
    ],
    [
      0.35268564933107943,
      0.07944984392085358
    ],
    [
      0.32871703048055023,
      0.14863600270651217
    ],
    [
      0.06690188986895582,
      -0.5173965344377369
    ],
    [
      0.20633862630001787,
      -0.10092392944332335
    ],
    [
      -0.12151747322607714,
      0.004790429178020972
    ],
    [
      0.23346953809988075,
      -0.07321778114345832
    ],
    [
      0.1607674707261125,
      -0.15527803837604323
    ],
    [
      0.23305272253151346,
      -0.027288662456680685
    ],
    [
      0.4013753314366518,
      -0.562336338816801
    ],
    [
      0.4707465493212462,
      -0.3066440315389148
    ],
    [
      0.4409185518746095,
      -0.6250752123283323
    ],
    [
      0.7493692657846645,
      -0.5329186903643185
    ],
    [
      0.9117437452671049,
      -0.5464014194520275
    ],
    [
      0.6611303174495284,
      -0.4474310061381917
    ],
    [
      0.7457072988889107,
      0.07001514897173544
    ],
    [
      0.677821505149565,
      -0.06103644139257758
    ],
    [
      0.9650917498016014,
      -0.6261832916242154
    ],
    [
      1.1550890662693307,
      -0.3272142316817538
    ],
    [
      1.1588357928273818,
      -0.7662830965856215
    ],
    [
      1.132613898592138,
      -0.5799893954944091
    ],
    [
      1.0675899060556056,
      -0.5216707696447958
    ],
    [
      1.1677335645074705,
      -0.16909307567907766
    ],
    [
      1.2982089722857693,
      -0.843880119672465
    ],
    [
      1.5339011293774478,
      -0.44113923178773384
    ],
    [
      1.3716705309284758,
      -0.8038004286198992
    ],
    [
      1.4847340076934263,
      -0.5142057165877887
    ],
    [
      1.6536622819062252,
      -0.2953536635709534
    ],
    [
      1.6839364239548025,
      -0.42975312518062425
    ],
    [
      1.2062469160170193,
      -0.12641371596504658
    ],
    [
      1.7075597888041174,
      -0.34795544131643874
    ],
    [
      1.5608880072276872,
      -0.417400265559031
    ],
    [
      1.3658420294641216,
      -0.4311232857620906
    ],
    [
      1.747423509147353,
      0.17366440615083856
    ],
    [
      1.892046650028769,
      0.2228452253690728
    ],
    [
      1.6361234693273687,
      0.20580142951847846
    ],
    [
      1.78809207431992,
      0.30254829177335835
    ],
    [
      2.1466479020878393,
      0.07318882182576301
    ],
    [
      1.953816156679261,
      0.3682199486508603
    ],
    [
      1.7899028701330817,
      -0.24769039537079734
    ],
    [
      2.1306807956165783,
      0.6821697537204403
    ],
    [
      1.602322449864551,
      0.35076987269132304
    ],
    [
      1.7553591485591715,
      0.31411882463585905
    ],
    [
      1.797940564605406,
      0.6109140012751335
    ],
    [
      1.8909631967649643,
      0.46143047296000206
    ]
  ],
  "y": [
    1,
    1,
    1,
    1,
    1,
    1,
    1,
    1,
    1,
    1,
    1,
    1,
    1,
    1,
    1,
    1,
    1,
    1,
    1,
    1,
    1,
    1,
    1,
    1,
    1,
    1,
    1,
    1,
    1,
    1,
    1,
    1,
    1,
    1,
    1,
    1,
    1,
    1,
    1,
    1,
    1,
    1,
    1,
    1,
    1,
    1,
    1,
    1,
    1,
    1,
    -1,
    -1,
    -1,
    -1,
    -1,
    -1,
    -1,
    -1,
    -1,
    -1,
    -1,
    -1,
    -1,
    -1,
    -1,
    -1,
    -1,
    -1,
    -1,
    -1,
    -1,
    -1,
    -1,
    -1,
    -1,
    -1,
    -1,
    -1,
    -1,
    -1,
    -1,
    -1,
    -1,
    -1,
    -1,
    -1,
    -1,
    -1,
    -1,
    -1,
    -1,
    -1,
    -1,
    -1,
    -1,
    -1,
    -1,
    -1,
    -1,
    -1
  ]
}